{
    "@context": [
        "http://www.w3.org/ns/csvw",
        {
            "@language": "cs"
        }
    ],
    "url": "kardio-prehled-zemrelych-osob.csv",
    "dc:title": "Kardiologie: Úmrtí osob na nemoci oběhové soustavy",
    "dc:description": "Datová sada umožňuje hodnotit četnost úmrtí osob na nemoci oběhové soustavy. Údaje zjištěné v jednotlivých letech lze stratifikovat dle charakteristik osob (kategorie věku při úmrtí, pohlaví, bydliště při úmrtí, příčina úmrtí). Data jsou dostupná od roku 1994 až do posledního uzavřeného roku. Více informací na https://www.nzip.cz/data/nkis/nkis-metodicke-popisy/1665-umrti-osob-nemoci-obehove-soustavy.pdf.",
    "dc:source": "ÚZIS ČR",
    "dcat:keyword": [
        "databáze zemřelých",
        "kardiologie",
        "kardiovaskulární onemocnění",
        "nemoc oběhové soustavy",
        "list o prohlídce zemřelého",
        "LPZ",
        "zemřelá osoba"
    ],
    "dc:publisher": {
        "schema:name": "ÚZIS ČR",
        "schema:url": {
            "@id": "https://www.uzis.cz/"
        }
    },
    "dc:license": {
        "@id": "https://data.gov.cz/podmínky-užití/volný-přístup/"
    },
    "dc:modified": {
        "@value": "2023-06-12T13:51:22.525Z",
        "@type": "xsd:dateTime"
    },
    "tableSchema": {
        "columns": [
            {
                "name": "rok_umrti",
                "titles": "rok_umrti",
                "datatype": "integer",
                "dc:description": "Rok úmrtí osoby."
            },
            {
                "name": "pohlavi",
                "titles": "pohlavi",
                "datatype": "integer",
                "dc:description": "Pohlaví osoby."
            },
            {
                "name": "vek_kategorie",
                "titles": "vek_kategorie",
                "datatype": "integer",
                "dc:description": "Věk osoby při úmrtí."
            },
            {
                "name": "kraj_bydliste",
                "titles": "kraj_bydliste",
                "datatype": "string",
                "dc:description": "Kraj bydliště osoby v době úmrtí."
            },
            {
                "name": "pricina_umrti",
                "titles": "pricina_umrti",
                "datatype": "string",
                "dc:description": "Choroba nebo trauma, která iniciovala řetězec chorobných stavů přímo vedoucích ke smrti."
            },
            {
                "name": "pocet_zemrelych",
                "titles": "pocet_zemrelych",
                "datatype": "integer",
                "dc:description": "Počet zemřelých osob podle kategorií třídění."
            }
        ]
    }
}