19970600,pololetí
19980600,pololetí
19990600,pololetí
20000600,pololetí
20010600,pololetí
20020600,pololetí
20030600,pololetí
20040600,pololetí
20050600,pololetí
20060600,pololetí
20070600,pololetí
20080600,pololetí
20090600,pololetí
19971200,konec roku
19981200,konec roku
19991200,konec roku
20001200,konec roku
20011200,konec roku
20021200,konec roku
20031200,konec roku
20041200,konec roku
20051200,konec roku
20061200,konec roku
20071200,konec roku
20081200,konec roku
20091200,konec roku
