1,1,organizace zřizované obecními úřady
2,2,vlastní obecní úřady
3,3,obecní úřady celkem
4,4,organizace zřizované okresními úřady
5,5,vlastní okresní úřady
6,6,okresní úřady celkem
7,7,sumář celkem bez DSO
8,0,sumář celkem
11,10,DSO celkem
12,11,sumář celkem včetně DSO
13,12,sumář celkem bez mag. měst
14,13,sumář celkem mag. města
15,14,obce a DSO
16,15,okres celkem
17,16,organizace zřizované krajem
18,18,krajský úřad celkem
19,20,ÚSC a DSO celkem
20,51,organizace zřizované ÚO nebo OkÚ
21,52,vlastní ústřední orgán
22,22,Regionální rady regionů soudržnosti celkem
23,23,ÚSC;DSO a RRRS celkem
24,8,organizace zřizované DSO
